"CODE","POLITICS","POPULATION","AGE25_PROPTN","AGE_MEDIAN","AGE50_PROPTN","POP_DENSITY","GDP","INFANT_MORT","DOCS","VAX_RATE","HEALTHCARE_BASIS","HEALTHCARE_COST","DEATH_RATE","OBS_TYPE"
"State1","STABLE DEM",1096.87845850676,17.2470074196628,NA,43.4179337092071,NA,NA,NA,22.1102427750589,57.3165829498778,"INSURANCE",5286.8729665204,26.7700401654805,"Train"
"State2","STABLE DEM",4976.78579186217,16.7727911557488,32.6999870123078,NA,NA,NA,12.4834178328147,21.0268677701076,60.4328160725811,"INSURANCE",5058.62302408197,23.9069133606991,"Train"
"State3","STABLE DEM",3957.86949554449,NA,35.7111510528276,37.3063825469648,NA,54.6239925734424,NA,24.9726824065026,60.4444863429513,"INSURANCE",4974.37717396664,23.1298858871221,"Train"
"State4","UNSTABLE DEM",3273.52454018356,14.1683760314589,NA,38.9274518560969,489.46758470265,52.8978326111824,12.0902724223285,19.4457550214366,58.818755034352,"PRIVATE",14179.3880674049,11.659052464841,"Train"
"State5","OTHER",1520.4246641751,12.8376927917415,NA,NA,510.317198922889,NA,17.0913159352989,NA,58.2492071898123,"PRIVATE",14849.0491279013,27.3421406880734,"Test"
"State6","DICTATORSHIP",3631.67979385525,13.8372979034055,NA,40.1483115436358,493.076431550356,54.357164183344,13.8404551602694,23.6847906684095,63.3573024232917,"PRIVATE",15982.3741944136,17.1020280221971,"Test"
"State7","STABLE DEM",NA,15.1260559541591,NA,NA,503.873950115969,63.5975890988199,14.7558445591847,NA,62.1330494504323,"INSURANCE",5202.4700502494,18.9430313171343,"Train"
"State8","OTHER",3298.97214189487,17.4586902150266,NA,37.825015849714,501.707790605126,NA,NA,22.3680477439119,NA,"INSURANCE",4737.49290818672,19.7537540925794,"Train"
"State9","UNSTABLE DEM",3305.77546125942,9.33553442706052,31.7838777461489,35.8616270763844,502.799056366603,63.2052470318131,NA,NA,NA,"INSURANCE",5125.53166390268,22.0821491406384,"Train"
"State10","OTHER",2743.31637233722,12.6651637611194,32.4794196514326,32.3082021968363,481.377723959041,51.0397963463607,14.7522584840166,24.7013917499707,60.4892528951344,"INSURANCE",4793.39270567231,11.0356851579045,"Train"
"State11","UNSTABLE DEM",3554.80425658007,16.2952438554933,35.4042938438858,39.6856644589374,491.774985256911,56.4236673984683,12.3341284192515,20.7228042823582,61.2844654240886,"INSURANCE",4837.27560224676,13.1695310209399,"Train"
"State12","STABLE DEM",NA,NA,NA,-99,506.106959233883,53.0211659331965,15.0406065468171,-99,-99,"PRIVATE",14981.0201103082,24.2223922566057,"Train"
"State13","UNSTABLE DEM",2600.42332319185,17.5226503365233,35.7484850606714,NA,508.480835030306,57.4295196721338,NA,21.6787511628814,NA,"FREE",NA,22.2787906555371,"Train"
"State14","STABLE DEM",5567.51959120641,15.5375610424002,34.0936836879002,36.6940388176046,487.333621332406,50.2801865882128,10.2861988539327,23.7903129688991,56.5647323548416,"INSURANCE",4825.78501956747,14.1676878587295,"Test"
"State15","STABLE DEM",1709.95416801105,NA,33.0536800456536,38.8179944253978,NA,56.4672385468333,12.4875386452949,21.4645262889696,NA,"INSURANCE",5213.42983500342,20.8939978975012,"Test"
"State16","STABLE DEM",1006.21698779541,NA,34.5434405398247,NA,506.593929062171,61.2624258319943,15.0040407333398,NA,57.4941885208019,"PRIVATE",14906.2293593331,25.258648477506,"Train"
"State17","UNSTABLE DEM",2432.45381343309,NA,NA,37.5176907370468,512.054544543651,56.1704022853391,NA,20.8467646586853,NA,"INSURANCE",5118.72611199451,22.2918618340833,"Train"
"State18","STABLE DEM",3602.13115489505,17.5449781537624,NA,38.0822085561359,NA,NA,12.8926953726073,NA,62.9572371775535,"PRIVATE",15002.9944110378,22.211919554869,"Train"
"State19","UNSTABLE DEM",354.444083116455,11.7480132897844,NA,33.7350447273058,496.491144729374,55.6509415970685,16.1025397445168,25.9063893896959,57.9316864375897,"INSURANCE",4873.38866061671,19.1155651401322,"Train"
"State20","UNSTABLE DEM",NA,NA,32.1844213083641,NA,NA,NA,13.7175356672696,NA,NA,NA,4948.31685952972,15.5834940224956,"Train"
"State21","UNSTABLE DEM",4947.24026007206,NA,NA,NA,509.810265390869,NA,15.3294801578719,24.6154462465108,58.2884263525166,"INSURANCE",5083.66490829441,25.7943233162925,"Test"
"State22","STABLE DEM",1542.71598499974,14.2758674145548,NA,-99,NA,48.5169571375957,14.2542407842751,-99,-99,"INSURANCE",4557.35921322755,21.6764824068617,"Train"
"State23","OTHER",966.610296467156,13.0294944052425,NA,37.26957670229,477.465343379047,54.4389975450948,15.1769715930947,22.6699798769085,59.7545952856055,"PRIVATE",15729.2794005162,9.00127786743293,"Train"
"State24","STABLE DEM",NA,19.6865955003367,37.9412916833995,43.9602904727311,NA,29.8316298271308,15.3642632864278,24.3066074261912,NA,"FREE",NA,34.6645147198962,"Test"
"State25","STABLE DEM",871.020688359403,17.3657240947579,35.8603037986688,34.382246660427,493.512388861133,50.04351678786,11.5579360487644,26.559812073121,58.7113729014566,"FREE",NA,17.8966147244871,"Train"
"State26","UNSTABLE DEM",2904.34401709416,NA,36.242297504247,-99,NA,NA,13.9038244657111,-99,-99,"INSURANCE",4976.37414061564,17.7641333191858,"Train"
"State27","STABLE DEM",651.225680566513,13.8052490864588,NA,37.6417322815216,486.525095111512,49.4507646125417,12.4239198827591,23.5030679786164,59.9007802026596,"PRIVATE",15304.7624461937,13.3621057918673,"Test"
"State28","UNSTABLE DEM",NA,NA,32.311742446195,35.0252036175841,NA,51.8818552984317,14.4776603380418,21.6435493435413,59.2359757218453,"INSURANCE",4995.16507487267,15.5168456926437,"Test"
"State29","STABLE DEM",3553.16828514497,15.9083833734214,36.1123346136142,37.643250393979,494.833455345826,57.0032649198086,14.7375047944558,25.3874896089831,57.2690900593782,"PRIVATE",15091.5592633759,18.7798668745406,"Train"
"State30","UNSTABLE DEM",1273.3895468465,NA,36.046305062841,40.7062725359119,519.504543245837,NA,14.7729478513132,21.1157586555681,NA,"PRIVATE",15151.9332425923,25.546578001653,"Train"
"State31","DICTATORSHIP",1296.35989238406,16.1628111732906,34.041172790918,41.5292407696746,493.792145420335,55.1526399481263,13.6542642788857,21.3943204929685,63.1904084094174,"PRIVATE",14472.3174722462,14.035745653189,"Train"
"State32","STABLE DEM",2070.29598762178,13.0390903460665,30.69300378769,38.3884659988968,491.455915261432,57.2874242137136,13.9547152194938,20.131476406376,59.2320975288773,"PRIVATE",15470.5671810467,12.0377818928306,"Test"
"State33","STABLE DEM",NA,NA,34.1272636449348,40.1267055775014,501.388591591246,NA,11.2306848908346,17.3030797135316,63.8089931131711,"FREE",NA,12.9726421740043,"Test"
"State34","STABLE DEM",1347.09465471612,17.3894357353767,NA,45.0160805966947,496.814953186888,57.8389213501799,14.9912461100347,24.3895286113056,59.6826503810747,"INSURANCE",5343.4632725974,21.8247265516171,"Train"
"State35","UNSTABLE DEM",3494.27201278663,14.7214144662289,29.8387138926728,38.7044856030356,499.548599106775,62.0293042905588,11.5102719993308,18.0859883678633,57.7422767175014,"INSURANCE",5362.5448444588,14.6698108905886,"Train"
"State36","UNSTABLE DEM",925.181083044246,NA,NA,39.4586584105666,NA,53.2615277336601,15.6761210637169,21.6846218159257,NA,"INSURANCE",5075.72094845394,18.6908356935577,"Train"
"State37","--",5385.96008824425,-99,NA,NA,NA,53.5508015374218,NA,NA,-99,"PRIVATE",15515.0164136809,28.8234078014101,"Train"
"State38","UNSTABLE DEM",2838.26354325127,14.6063740754907,32.1622614243447,NA,502.581259812706,NA,13.6716130054426,NA,64.0708180916792,"PRIVATE",14775.7069096931,16.2096982638261,"Test"
"State39","STABLE DEM",738.980193483733,15.9589649810655,34.3142036310872,38.1136446992816,499.186581521973,51.7502607455878,10.4345959857857,20.6987072993889,59.1553856341768,"INSURANCE",5150.27107781453,15.9406739255903,"Train"
"State40","--",NA,-99,32.7453629144981,NA,501.501812073602,51.589760881345,NA,20.8890875779793,NA,"INSURANCE",5286.71617374981,17.1052743411036,"Train"
"State41","OTHER",731.160838342735,15.9443253002714,34.8453824212076,37.3849310004209,485.263251974998,58.863770263516,12.9379881297765,22.2660860880139,56.8271053795728,"INSURANCE",4834.75907357785,13.2370206139058,"Train"
"State42","--",1389.79397575795,NA,NA,39.8441685009342,504.044983615853,58.1734028896946,NA,NA,NA,"FREE",NA,27.8039516804304,"Train"
"State43","STABLE DEM",2607.44427190673,12.3153490976023,28.3288504629033,28.2460933754496,499.904777963321,17.7289069103944,14.033951887167,22.3637447643931,30.8975131394015,"INSURANCE",4796.9084641485,22.5613268185708,"Train"
"State44","UNSTABLE DEM",980.252842959896,17.6339115407208,NA,-99,521.277069135628,54.8362303152266,NA,-99,-99,"INSURANCE",4847.06125120994,34.7764612925371,"Train"
"State45","STABLE DEM",NA,14.4948827588584,NA,37.3635149791725,NA,53.2166225968284,12.2624283995856,19.5468526673192,NA,"INSURANCE",4890.72724741833,23.8815321337801,"Train"
"State46","OTHER",2667.8961437192,13.229981653864,NA,NA,NA,52.0318638269964,12.4655487453748,22.9710863923201,NA,"INSURANCE",4875.20324822506,30.8847498197532,"Test"
"State47","STABLE DEM",823.255170855351,9.84056250097804,NA,40.838951531663,488.807297123711,55.1942998895673,14.1462173791733,17.7122844581244,64.4723294310358,"FREE",NA,7.46361197601594,"Test"
"State48","UNSTABLE DEM",337.235613325144,19.534502474911,NA,42.4810839861757,491.330921653748,56.5887707082216,11.6265653298532,19.4112027431414,58.6474241641707,"INSURANCE",4827.27663879085,14.4772708211078,"Train"
"State49","STABLE DEM",NA,NA,NA,-99,511.879900690009,50.414087614209,11.7054916873284,-99,-99,"PRIVATE",14336.1036903483,25.119855224741,"Train"
"State50","OTHER",5291.4950064963,17.8637763296527,37.5147352775351,40.3270624340198,498.187311289805,58.6641420949354,11.4759514931279,21.6552534808246,58.8119912238986,"INSURANCE",5064.5626610143,18.819800991642,"Train"
"State51","UNSTABLE DEM",1977.0585940218,16.0227392334551,35.3414483557792,NA,NA,60.6178898307162,16.8962527189126,24.5765493328878,NA,"INSURANCE",5048.22001841062,35.4117734616107,"Train"
"State52","STABLE DEM",3463.83683709653,14.200564197051,NA,40.1180604459401,NA,NA,14.6871698089734,NA,15,"INSURANCE",5250.61451150625,24.3421659651148,"Train"
"State53","OTHER",1383.99822077106,14.4854324259896,NA,38.2168531315456,497.247136006922,61.5661307819547,12.9430301689684,20.2720676535298,56.4719618791396,"FREE",NA,15.1139739106927,"Train"
"State54","UNSTABLE DEM",1327.57958836477,13.8884583136389,NA,38.2855778967507,484.172135607299,22.6892234808509,14.5318733653798,23.5944428260923,-99,"INSURANCE",5052.93772451849,21.5814736256097,"Train"
"State55","STABLE DEM",6406.27110952934,15.7429320713789,33.678287377333,39.3811821744629,498.472277675772,56.6512089255343,13.3755963457302,17.6333721918799,63.411783239724,"FREE",NA,11.7028315196397,"Train"
"State56","STABLE DEM",NA,NA,NA,40.4324937188905,500.074203343995,51.6562037415968,NA,24.1767815948406,64.10233897475,"FREE",NA,20.8288680979102,"Train"
"State57","STABLE DEM",557.800842099913,NA,NA,34.6097354490086,504.538477756957,53.9875035907858,13.2690141038763,NA,NA,"PRIVATE",15135.5365946463,22.5634842663084,"Train"
"State58","STABLE DEM",NA,14.432115808868,32.3945457828194,NA,517.526094660606,55.8313145010756,13.1275149798033,22.4275094901164,NA,"INSURANCE",5116.93944480899,26.4668125318116,"Train"
"State59","STABLE DEM",4779.3020937607,NA,NA,-99,504.204640297071,60.4723634792744,NA,-99,-99,"FREE",NA,25.3423733713901,"Test"
"State60","UNSTABLE DEM",1267.42261331633,15.4457421277934,NA,38.8731871040809,497.70839608619,57.2109360272482,15.2956496118964,22.03839433672,65.3434783104063,"INSURANCE",5232.42834558689,15.756749327496,"Train"
"State61","STABLE DEM",2575.04616353797,13.2512618803791,NA,43.3809815190923,481.470792518363,57.3249108049039,16.4152436242896,26.1532303434734,59.9841429258068,"INSURANCE",4949.05910134787,17.2595626417876,"Train"
"State62","UNSTABLE DEM",4496.73652164254,16.0661857676539,NA,42.357785634774,495.571129276246,54.2141825303626,14.5445367743831,29.4182603808266,62.1693311640414,"FREE",NA,26.0668808493584,"Train"
"State63","DICTATORSHIP",1757.11271492107,NA,NA,34.1981546846609,509.868702389199,51.3331692630633,11.6711098337629,NA,NA,"INSURANCE",4900.08490072714,18.0250231403736,"Train"
"State64","DICTATORSHIP",1731.12952559723,14.6599101885346,34.1400551481582,44.1453207388373,492.828465785037,55.8333581244489,12.3051424848457,21.208469339956,57.8753442193186,"INSURANCE",4643.99461774229,18.7786480839217,"Train"
"State65","OTHER",1844.22607066813,17.6862703620934,NA,40.0526221683053,496.141194151697,52.5021999918076,10.9891566941523,21.9560453299654,63.8212457003818,"INSURANCE",5159.06604323176,15.2726928632844,"Test"
"State66","STABLE DEM",3424.83975491166,17.9707065840373,33.9242858344774,NA,NA,61.8985077457863,NA,18.328176983032,64.992646725085,"INSURANCE",4994.23670333603,23.9442801569624,"Train"
"State67","STABLE DEM",2655.71006112138,17.5659059691546,NA,34.3978264439562,495.771071884135,61.7618494423924,13.466290810603,23.4908755770164,57.3731245062806,"PRIVATE",15003.882029363,15.5580799236791,"Train"
"State68","STABLE DEM",3355.48034336092,NA,NA,38.1475928533979,502.798652390998,59.5620809041051,13.7068706696471,NA,NA,"INSURANCE",4790.27853178782,16.5604913318241,"Train"
"State69","OTHER",4479.57387689375,12.0193148176597,32.4947081264498,34.3803930932743,498.017642904523,53.7880203307085,17.712767036111,27.8665808846774,61.8560148600659,"INSURANCE",4824.23832893371,21.2602236995685,"Train"
"State70","STABLE DEM",1285.99627132522,12.8347088305062,35.2066657845077,39.7396556617569,496.987120356294,55.6257425969715,15.1133239536678,23.5750648020942,58.3575437423677,"INSURANCE",4752.51365858434,18.6890038485412,"Train"
"State71","UNSTABLE DEM",5150.31655326862,19.3233729922355,NA,42.0948999074382,499.786564344474,58.1142782225624,12.1512864886806,19.808763029687,-99,"PRIVATE",15020.0146784524,16.3558784205095,"Train"
"State72","UNSTABLE DEM",2070.361201161,15.449162917686,NA,37.4043093216033,496.601701019948,52.4643043032584,14.178141552148,28.3406030332573,58.91204268231,"PRIVATE",15250.7298683495,22.9686637945919,"Train"
"State73","STABLE DEM",NA,12.5658064300906,31.5357560710124,NA,504.306261659418,NA,14.062969067138,20.3073365013084,59.1356185896651,"FREE",NA,19.2425273634966,"Train"
"State74","STABLE DEM",3002.56489254602,13.4813870153616,NA,NA,NA,NA,14.2302217311112,26.8109480686825,60.5971624295249,"PRIVATE",15288.1754634091,24.9413257668334,"Test"
"State75","UNSTABLE DEM",3791.62240415317,15.7319973745548,NA,40.9703800315375,498.038129543554,59.0264387362953,13.1968611122437,19.9532871887473,61.8638866860781,"INSURANCE",4908.29096349277,15.7882668717594,"Train"
"State76","UNSTABLE DEM",2546.33603345135,18.7923234151104,NA,39.5360654501959,497.233993777564,51.2034560229143,13.4284269353203,29.4626190464642,63.3399986711202,"INSURANCE",5073.37637957975,24.3984774077689,"Train"
"State77","UNSTABLE DEM",4499.15034159703,15.5459607232078,38.7610266784467,39.0623742152139,499.796304863372,53.9273542861206,13.6403222081107,24.9852275348442,60.9271245303511,"INSURANCE",4756.22614301216,20.6291531627896,"Test"
"State78","STABLE DEM",4822.794773468,16.3427699511797,NA,40.1582875377447,495.425592810194,56.6741820769003,16.9738541667486,27.1469141364119,64.3342769748247,"PRIVATE",15639.7355767375,21.3361125186074,"Train"
"State79","DICTATORSHIP",2932.98334503748,16.7992384445926,NA,41.3697215154001,490.682388564579,57.4838157530337,15.1224275828238,23.9520843873417,56.9829842811647,"FREE",NA,18.8889439564624,"Train"
"State80","UNSTABLE DEM",2879.32126688264,14.4656200131505,NA,40.4511424118266,490.024776522151,61.8488544295211,15.0171872928849,20.860136621318,55.1700079351831,"FREE",NA,16.4345598918643,"Train"
"State81","UNSTABLE DEM",4675.60509447118,NA,39.1969457462521,48.6105469651141,NA,NA,14.280672175602,23.2496531279178,63.1693902393364,"PRIVATE",14981.4258140535,30.6521948145394,"Test"
"State82","UNSTABLE DEM",2072.2493273661,15.0737878313481,NA,39.813532808211,498.898857872109,51.9740287110676,13.0156957296754,23.0065141657977,59.9960994788758,"FREE",NA,19.2712508242031,"Train"
"State83","UNSTABLE DEM",NA,14.3132759754785,NA,NA,510.30246895336,53.7348759596085,13.9340836854706,20.9316454510964,NA,"FREE",NA,21.7444766234465,"Test"
"State84","STABLE DEM",4865.50754581592,15.5639435465035,NA,39.6826168566672,NA,54.9058583499889,NA,21.5656088042858,NA,"INSURANCE",4925.99278775677,22.2769185417755,"Test"
"State85","UNSTABLE DEM",169.97536840332,17.8518938767483,NA,NA,505.691872155102,68.3419244973812,NA,18.8387284919143,NA,"INSURANCE",4657.12444611162,17.6423083403493,"Train"
"State86","STABLE DEM",NA,15.0473579972283,NA,39.4908318881441,505.741574886184,NA,NA,22.9848551652276,61.9454611113818,"INSURANCE",4730.46043184748,22.4464639951034,"Test"
"State87","STABLE DEM",5251.89367443198,NA,NA,40.396549084672,504.143145552635,NA,13.8053451944728,NA,58.4505645290584,"INSURANCE",5267.00088569603,20.580557397053,"Test"
"State88","UNSTABLE DEM",4315.39533944678,13.076237435155,NA,36.7556785524369,499.40550575296,54.5688832211758,13.7684351606697,20.5190932806796,59.964026275034,"INSURANCE",5155.1379877861,16.5521800179972,"Test"
"State89","STABLE DEM",4791.13932157545,18.0802500502225,34.680161929985,-99,NA,58.7761112889596,12.7359090535527,-99,-99,"INSURANCE",4853.73572141152,22.0714833200242,"Train"
"State90","STABLE DEM",2985.96915104209,14.1552901453895,NA,40.4932366234343,497.102090281387,59.8970667087166,14.4788372158583,24.7571381135293,54.7365709288266,"INSURANCE",4792.68947273078,23.2164408755594,"Train"
"State91","STABLE DEM",2710.28809764728,12.3824158164909,32.7186680049816,NA,NA,64.9567198906056,13.9037680730449,NA,54.8185433139366,"INSURANCE",4947.72244158757,21.3420553480424,"Test"
"State92","UNSTABLE DEM",1108.05885018321,13.7359495789915,NA,41.7942443069791,495.293589901049,56.4895725895406,14.9770035021804,21.805449012233,63.7110607260269,"PRIVATE",15377.8159556203,15.0880106292521,"Train"
"State93","UNSTABLE DEM",1505.6594248293,19.4085371212998,38.0649271559569,41.0770902290622,493.266294807779,52.8729826380176,10.8509945958614,21.2311512212628,63.5147282248268,"PRIVATE",14884.7516315855,13.6867666601216,"Train"
"State94","STABLE DEM",NA,15.8603023738246,NA,42.162158589407,504.629777806344,59.4142764377754,NA,NA,62.9236780956675,"INSURANCE",5271.79959524004,19.6344776708128,"Train"
"State95","UNSTABLE DEM",NA,17.1488334450477,34.6413206801674,37.8541765993333,513.221347416647,54.4928456115972,NA,19.513173181164,NA,"INSURANCE",5047.21053827397,20.8280685944192,"Train"
"State96","OTHER",2162.2647076909,15.2728670987553,NA,39.6229966686181,491.112697275462,61.5042122986401,14.1803648089024,20.500475736526,58.8847648166013,"FREE",NA,13.630339276841,"Train"
"State97","OTHER",1368.21111241835,16.9013671742084,NA,42.3412633660078,493.00804032439,58.0187024671885,12.754116266602,21.8207276135815,63.7291555101729,"PRIVATE",15556.8140414248,15.9000329352487,"Train"
"State98","UNSTABLE DEM",2344.63971864494,NA,34.547140625486,-99,504.444553770944,68.792022157,NA,-99,-99,"INSURANCE",4640.38798670205,20.0094350887627,"Train"
"State99","UNSTABLE DEM",5952.28076064364,15.0277766185033,35.9858983892997,40.09888601107,498.08745723255,60.4097659411146,15.6605704986025,22.8128586284911,59.2298114399007,"PRIVATE",14660.4651434005,19.6055319955232,"Test"
"State100","STABLE DEM",2891.05150856542,15.117181220827,NA,43.7034100070823,485.539899647665,66.7986897823393,16.5971281808176,18.822138372864,61.4787216296261,"PRIVATE",15278.9080612224,9.39663522632411,"Train"
"State101","UNSTABLE DEM",2889.29376947007,16.1537321531706,NA,38.7627076170353,498.141741140372,64.9162027879901,16.4656587164684,24.7914756996756,57.0875966264137,"PRIVATE",14796.7821695958,20.8371662239699,"Train"
"State102","STABLE DEM",4657.47721136023,18.9549198777348,34.9089464462719,39.1858022854222,497.671231294756,57.8817098201726,9.99848205661366,19.3305584739545,54.8286116290392,"INSURANCE",5095.63639846967,16.1704772518909,"Train"
"State103","STABLE DEM",4303.36426517046,18.5857443030786,NA,40.624354064103,495.134755911265,53.8467629114199,11.2941810278497,21.6830830916256,62.9828543283657,"INSURANCE",5144.67249188315,15.4103874338287,"Train"
"State104","UNSTABLE DEM",NA,11.6526369704739,33.6566916830249,NA,507.939410443745,57.5880992817946,17.3823768903846,25.555609936335,NA,"INSURANCE",5051.70918820321,23.638402812068,"Train"
"State105","STABLE DEM",2412.59230432513,NA,31.0290198745069,NA,504.838031418049,52.8804857600242,NA,25.441880074393,61.9485931479036,"PRIVATE",15563.4042007321,21.6190108177424,"Train"
"State106","OTHER",2686.3445823114,NA,NA,42.351184750897,521.337940248013,NA,11.8625283802202,NA,55.4867965915124,"INSURANCE",5031.43513901246,29.386528810737,"Train"
"State107","STABLE DEM",4494.27596814329,15.4624618459508,NA,43.5160716233875,498.712235382109,54.7075214746174,15.4489946070298,26.2999337629945,60.5896306672882,"INSURANCE",4749.30210775165,26.223727119397,"Train"
"State108","UNSTABLE DEM",2843.43038455604,NA,29.3182524769217,NA,504.271243455412,49.4436542496922,NA,22.2732162740075,-99,"INSURANCE",5081.96704445662,20.8282901212083,"Train"
"State109","STABLE DEM",1900.72775229999,12.7168204860961,NA,39.9277434356986,497.663971527008,54.1816245634079,16.6410311632879,23.9665387261212,15,"INSURANCE",4868.39981137459,21.4120528113959,"Train"
"State110","UNSTABLE DEM",NA,9.93452008168316,32.0756965599057,NA,NA,21.9990082707934,16.0216710460343,22.530951562975,31.3344082185269,"FREE",NA,28.1363606427293,"Test"
"State111","UNSTABLE DEM",NA,10.6389837328381,34.274231983369,34.9936432920288,NA,49.7474931010973,17.3517224515369,NA,66.9963493570147,"INSURANCE",5012.36513534691,26.5598750131337,"Train"
"State112","STABLE DEM",1409.92092071157,15.8267768978482,NA,38.9725779471033,496.854097165966,60.7976906874079,14.0738673260849,22.0971083810664,59.8577487920711,"INSURANCE",5313.33066251616,16.9066450544957,"Train"
"State113","UNSTABLE DEM",1576.59763239404,17.0270655655593,NA,40.5085033498571,482.286228120874,52.8569506402818,12.3856750678013,24.0543018634152,-99,"PRIVATE",14776.6800836318,11.8748039896316,"Train"
"State114","UNSTABLE DEM",3066.59940340771,NA,35.2912290804052,43.4143403298512,513.688319662259,61.7128726198243,14.491130354355,NA,NA,"INSURANCE",4705.51796230472,21.6040209149208,"Test"
"State115","UNSTABLE DEM",3751.86498665945,14.8522740361892,NA,41.8464514785011,484.604274705384,53.4429613783931,13.0518765195893,23.5167330796312,61.6656098249372,"INSURANCE",4808.71981267261,13.0282670575226,"Train"
"State116","STABLE DEM",NA,NA,NA,NA,517.420744448413,58.8009109032053,13.9933564088922,18.8646535652355,63.9171649060194,"FREE",NA,22.63651705047,"Test"
"State117","UNSTABLE DEM",1245.84560648075,14.1458609515786,NA,34.5488531138277,496.438731653357,61.397606991032,15.1450008426036,24.11510754561,55.418577898486,"PRIVATE",14908.8269150096,18.435200921405,"Test"
"State118","DICTATORSHIP",NA,NA,NA,37.8381208557663,NA,NA,NA,NA,NA,NA,4638.9865476581,21.1457283829075,"Train"
"State119","STABLE DEM",2410.0702850091,12.2330872021108,NA,36.3501100908945,499.882495677112,60.84823782377,14.95156507196,19.9025112638763,56.8074448894452,"INSURANCE",5017.45454076028,16.3311072228854,"Test"
"State120","STABLE DEM",4624.08099132084,14.0188900056231,NA,36.7338237774103,NA,NA,NA,19.2721981628119,59.7702387816331,"INSURANCE",4962.85833639709,20.2089230794165,"Train"
"State121","DICTATORSHIP",3523.67566581293,15.1927708423626,NA,36.7134565613484,496.018146370096,54.5310116553208,13.4614299473832,24.8193670237026,62.2427376777898,"INSURANCE",4943.20551408618,18.1628144323111,"Test"
"State122","STABLE DEM",1809.77708784587,11.7208882677311,NA,36.7137738491751,490.566181728338,61.8875345256255,15.9402083361067,21.8776433893731,55.4763291413161,"PRIVATE",15201.4403949703,14.7131735643831,"Train"
"State123","UNSTABLE DEM",5531.4560138221,13.1222221337592,32.8512995028393,35.2544972004279,495.801159478279,60.5329903378889,16.1132817035351,24.8754058356494,59.0120503910484,"FREE",NA,17.5673264107065,"Train"
"State124","STABLE DEM",3180.91591194378,13.6167008034525,33.6168645480707,41.3131748293098,495.222638988448,24.940217058185,13.5047700768229,22.367566535756,32.1818613410845,"PRIVATE",14706.9765470106,25.853542183133,"Test"
"State125","STABLE DEM",1254.25357434044,11.3469030193219,NA,39.1925676279273,491.857796592329,47.0201878939147,14.582718044557,24.7306591298658,61.6509691955905,"PRIVATE",14857.333926277,16.5308200107833,"Test"
"State126","STABLE DEM",2705.81067465668,16.9337134140248,35.6432598390973,36.1881828921462,494.017786089649,55.9960551814982,12.4280582270058,20.6982594235556,62.9549960775856,"INSURANCE",4936.06245638378,12.397184740283,"Train"
"State127","OTHER",NA,11.627648146183,32.8849974399314,NA,508.31919190845,NA,16.781016359767,24.6155044095211,63.4363371463492,"PRIVATE",15837.3345521924,24.1890060823796,"Test"
"State128","DICTATORSHIP",NA,15.4087192927685,36.587417338007,40.8402811580757,NA,61.1288757344614,14.8266194190938,NA,57.9284661098369,"INSURANCE",4715.96124302318,28.2133129337914,"Train"
"State129","OTHER",937.252758595104,15.3355192176799,NA,37.9555889492079,486.982259197166,49.962784552419,14.6895073094479,24.5739971944505,68.0851773625576,"INSURANCE",5035.3470157071,11.634545394502,"Test"
"State130","UNSTABLE DEM",6023.19933032381,14.6611597259498,NA,39.8866766435424,491.762494707488,58.1031084400711,15.2670282097056,24.4917515917496,64.3369159770167,"INSURANCE",5009.52370110941,18.2861201214873,"Train"
"State131","STABLE DEM",2799.72133836201,17.2785671128288,NA,41.4621879942001,498.072785480896,56.8777318232763,13.1850969463687,21.689562723414,61.4035215533892,"FREE",NA,16.2999678496294,"Train"
"State132","OTHER",1895.05977760331,11.939500628662,31.5538746851194,35.9583171468429,507.151063259675,NA,NA,NA,62.5423405073733,"INSURANCE",5102.46494750479,20.8702366215275,"Test"
"State133","UNSTABLE DEM",2905.74499112117,NA,NA,NA,NA,60.2912049239791,13.2786993159772,21.1043540195413,-99,"INSURANCE",4952.94093107232,22.0319867496593,"Train"
"State134","UNSTABLE DEM",4533.91034845491,14.7755310377496,NA,41.6139328157129,494.021489879608,53.2582720273041,12.0282621318295,20.7084254010443,62.558493135088,"INSURANCE",5177.6774405534,14.9332745172953,"Train"
"State135","STABLE DEM",1405.83487234471,15.0828092088577,30.9235389616032,39.3032995590668,NA,56.8473412630249,12.8847506907248,NA,NA,"INSURANCE",4758.05583239932,13.2664230321922,"Test"
"State136","UNSTABLE DEM",2639.84488289465,20.3748937149496,NA,40.0994393906121,494.584670364139,59.4547000822367,12.8096191702731,24.2442567193469,56.3684303976178,"PRIVATE",15385.6262771199,20.2832626774562,"Train"
"State137","STABLE DEM",1354.837944818,14.0399878966276,NA,36.3697554241832,494.059450252864,56.9350462718728,12.3080056449233,21.2154158359885,60.3867533505873,"PRIVATE",15371.3831661926,12.6259030723328,"Train"
"State138","STABLE DEM",2043.04548146814,16.0291569264893,NA,39.859703115823,NA,NA,13.2002797786897,NA,63.1659150444489,"PRIVATE",15082.5084818807,19.7626136248537,"Train"
"State139","--",4930.30286521684,NA,35.5620157431349,39.1639392535223,507.153192041111,NA,NA,24.1699856061862,NA,"INSURANCE",5330.7880370021,22.6668844661307,"Test"
"State140","OTHER",4822.23685214449,16.9669949360103,NA,40.8672407743722,495.677366035242,52.5035369941606,12.5272629725218,21.8807512535598,59.8568473850305,"INSURANCE",4880.4846861065,16.9350466412139,"Train"
"State141","UNSTABLE DEM",1078.29570786123,13.7101098049311,NA,42.3093791546182,499.950006456932,60.7512574112631,16.3468073016216,24.3288028242733,58.0708097633158,"INSURANCE",5055.29772329142,24.099477440414,"Train"
"State142","UNSTABLE DEM",NA,10.482099544207,NA,NA,505.307298267233,NA,16.4538774764654,25.4093280497174,62.9091887242538,"FREE",NA,22.7498083667441,"Train"
"State143","UNSTABLE DEM",7090.48435313075,16.6416003076644,34.5974606711562,43.14313855029,495.340175161569,60.6037175443824,13.7539782284098,22.6589145967927,64.5700857458009,"INSURANCE",4890.42888985887,18.1846119138906,"Train"
"State144","OTHER",NA,13.5949991492781,33.0856655323109,39.9760639954541,NA,61.7885136042719,14.0729204966325,NA,57.840671177942,"INSURANCE",5247.13347505255,17.6684320182867,"Train"
"State145","STABLE DEM",NA,15.3599446576232,33.5154458178732,41.2068225623324,NA,60.1496562626911,14.869239696277,NA,51.9543942493524,"FREE",NA,24.0685188263959,"Train"
"State146","OTHER",4537.72514016773,16.0342876573471,36.3961479087281,39.6668659162223,493.939412693858,19.5264967563183,14.093572964589,25.7409957257455,34.1057429919106,"FREE",NA,29.3187102015277,"Train"
"State147","STABLE DEM",3846.3734713754,13.5657621169354,29.8375726497392,36.4174131021189,490.177511809907,58.7463714795483,11.3623293132602,17.4975814085542,58.3217680949141,"INSURANCE",4793.58906780082,9.57984296373692,"Train"
"State148","DICTATORSHIP",673.50555918583,14.6159669770818,31.1599063675852,39.4375213710311,496.708968082607,61.7110058568451,14.9006812688337,23.9901615195415,15,"FREE",NA,19.6908782833162,"Train"
"State149","UNSTABLE DEM",1854.91460310928,14.1307899250066,NA,38.4859723823434,493.411254746553,53.1504517685422,14.4736814391281,22.9768857734899,59.8493327478551,"INSURANCE",5275.11397402003,15.359071750243,"Train"
"State150","UNSTABLE DEM",5139.40261756389,13.2405309609104,34.9438547681259,37.9514478711906,498.099071848426,54.2601884595719,15.1270317351634,21.360493701088,56.5006201478588,"FREE",NA,17.0550083038144,"Test"
"State151","STABLE DEM",NA,12.8674843923572,NA,NA,502.492388609484,59.9531028575813,13.8281149698209,NA,56.5016208186027,"INSURANCE",5003.2226909341,17.8567248866052,"Test"
"State152","STABLE DEM",2898.81111765311,8.8701234552453,NA,35.4338779822522,495.050354474651,59.8377090201316,16.8082110729531,24.0424688350154,50.7891310425088,"PRIVATE",15250.8699282776,19.8454061852825,"Test"
"State153","UNSTABLE DEM",1679.365250559,12.3286629042431,NA,38.0556016403385,480.038125588587,56.07617030737,13.803568827544,20.8905580750749,60.0850333843688,"FREE",NA,8.43849602847109,"Train"
"State154","STABLE DEM",NA,16.6255526990539,NA,37.2142240017226,503.422421239791,61.5212113836888,NA,NA,63.4558202227213,"PRIVATE",15497.3320793056,11.8644593743906,"Train"
"State155","UNSTABLE DEM",1518.59311644144,NA,NA,NA,506.636071598622,NA,12.7170837271861,22.0359397152814,-99,"FREE",NA,18.8972354733245,"Train"
"State156","UNSTABLE DEM",1115.45358821856,NA,30.0911874174868,-99,516.320036052326,NA,NA,-99,-99,"INSURANCE",5054.98583092856,29.2006038773544,"Test"
"State157","DICTATORSHIP",4066.37595250827,16.5683442037094,33.5611918689344,43.1544260563326,491.289052201298,61.7607703962768,12.1359707068067,17.2847150429122,60.9169605491198,"INSURANCE",5134.35287508834,10.3553844470795,"Test"
"State158","UNSTABLE DEM",4259.53785530303,12.4817696411341,NA,41.4162764118378,488.345444981398,53.2952516408166,13.6229273222537,22.7053442447112,61.6302089719179,"INSURANCE",5170.75738572456,14.2793863149576,"Train"
"State159","UNSTABLE DEM",397.196734589146,14.2970227821963,36.73043114423,36.4744762017413,491.225813699386,57.0250000951947,16.8425985506106,22.2644695211662,66.3169703910726,"PRIVATE",15001.0880480775,12.6906060309505,"Train"
"State160","STABLE DEM",1704.38560898289,12.361516625145,32.3020464049045,37.603215672514,487.205309012642,50.61852426299,13.9777974905247,24.4331341331544,60.7199048612636,"INSURANCE",5026.16714377208,14.4586223008477,"Test"
"State161","STABLE DEM",4737.70431779784,13.7836766547505,NA,36.6751348279394,497.481873807975,57.5507936057823,13.127370762238,21.7925745692882,56.4214873188172,"INSURANCE",5162.11340342705,16.3208577776393,"Train"
"State162","UNSTABLE DEM",3528.82706652195,12.4568795924013,35.5152812645811,42.8789446978722,499.888910323991,60.2958225250132,14.3743926258821,18.8612807481032,55.6102915340218,"PRIVATE",14850.2737146557,17.9199079243325,"Test"
"State163","STABLE DEM",1465.66033284443,NA,NA,40.892168251432,502.626196154619,NA,13.8422163758278,NA,58.6402026506091,"PRIVATE",15210.2582000214,22.8656217924943,"Train"
"State164","UNSTABLE DEM",NA,NA,NA,41.2387669239256,503.370907699861,53.9418677430177,NA,26.9736980945421,-99,"FREE",NA,27.9461030386804,"Train"
"State165","STABLE DEM",2597.05013302536,14.8265575245021,31.7439305283532,34.9368469319558,499.090261109653,52.5051016354831,9.94985514701136,19.4592501979775,58.8258058890407,"INSURANCE",4688.02479363701,13.4431112790135,"Test"
"State166","UNSTABLE DEM",4314.66481088299,NA,NA,38.3931415885954,508.60490681588,55.0905542128772,14.0986379248926,NA,NA,"PRIVATE",14771.9616392397,23.4389102140091,"Train"
"State167","UNSTABLE DEM",3119.86396660767,19.0642226577158,35.5458945537581,41.5757660772237,498.169272701681,52.9623275514333,11.6188916932021,26.251720663112,-99,"INSURANCE",4928.9897370343,24.5832799586107,"Train"
"State168","UNSTABLE DEM",997.13993796913,12.7480866541931,32.4724359388791,39.9375583006147,492.551645707137,55.4327316389824,14.2121674247275,20.7430122087283,56.9441231522422,"INSURANCE",5097.42801443811,14.5999492581275,"Test"
"State169","STABLE DEM",1592.27613144223,15.0798738989776,NA,36.7576763708523,484.824738340513,49.2256745100719,16.6017716369858,32.0403494182701,59.6206524552511,"FREE",NA,22.990656925365,"Train"
"State170","UNSTABLE DEM",2135.43198335479,15.9179491728241,NA,39.0453654266163,497.407445168201,58.4971661452518,13.6635985968717,20.5532833934772,-99,"FREE",NA,16.1605725622028,"Train"
"State171","STABLE DEM",1624.86438627253,12.7049359905762,34.550589082245,42.2630436729367,494.514584829073,57.8800610797085,18.6169415415485,25.9222289886941,66.7144956710011,"PRIVATE",14865.4302026686,18.4433409959095,"Train"
"State172","OTHER",2336.49093721156,13.587630586476,33.51924191706,39.509434904044,NA,52.5810772805611,NA,19.1513484770355,NA,"INSURANCE",5294.74779025252,17.3537072757264,"Train"
"State173","DICTATORSHIP",1927.41197847631,14.5936345197826,NA,NA,NA,57.4598025642114,14.3782686109981,NA,60.0338624398211,"INSURANCE",4856.92603128629,31.5323394831761,"Test"
"State174","UNSTABLE DEM",1694.74147589004,11.251328394392,NA,36.1282155794506,510.19410913765,NA,13.6812940400703,NA,NA,"PRIVATE",15375.7176866345,21.9861442276383,"Test"
"State175","OTHER",NA,NA,NA,40.3732113124934,NA,59.4969040601456,17.8955254020024,29.578228464782,61.3304361067107,"FREE",NA,28.7134820389101,"Train"
"State176","STABLE DEM",4628.35374224576,11.9812609588251,31.0584371848842,39.1510841525392,497.100232479055,54.0717703442641,13.9032774034835,23.3471983440638,58.9756599740405,"INSURANCE",5312.72976482411,18.8218798147769,"Test"
"State177","STABLE DEM",5546.1140201629,18.365115338667,NA,40.3262825199732,491.853029130086,18.8490148245147,13.8648221893308,24.4338247116902,39.6943558805541,"INSURANCE",5184.62113694445,24.5104881923551,"Test"
"State178","STABLE DEM",2517.88441529494,16.8958231108729,NA,NA,506.43889362119,49.2954840471453,NA,NA,58.8076113820536,"INSURANCE",5121.45847055536,23.7514693640162,"Test"
"State179","STABLE DEM",5277.52692700351,17.819415373102,36.7735686852878,42.5185269967384,498.80515459308,52.636453305127,11.949507202625,23.179798658117,58.4898066972731,"INSURANCE",5098.20266848752,19.1403293843444,"Train"
"State180","STABLE DEM",3559.49025304199,13.1312469889582,32.3491173803313,34.9234311039199,492.596332379915,55.8903953292108,13.9238554042109,20.8176817548935,62.9780438147591,"INSURANCE",4930.62643316977,11.1755585183419,"Train"
"State181","UNSTABLE DEM",5343.03600799684,19.7179339117744,NA,38.7490056215841,485.399853300671,54.1682789046016,10.4115569092098,22.2960648227581,-99,"INSURANCE",5182.23114954095,11.2664989681808,"Train"
"State182","UNSTABLE DEM",2259.15725999465,17.1157550998089,33.6940839616374,41.450388684134,488.133251275228,54.4459313435431,11.9086678409867,19.7238859927539,65.3876820312387,"PRIVATE",14850.0103828352,10.4535654494241,"Test"
"State183","UNSTABLE DEM",2472.87905740768,NA,NA,35.5784104276145,507.363893832579,52.0314130555133,NA,22.1323719850918,NA,"INSURANCE",5040.93155085543,18.0283864702769,"Train"
"State184","STABLE DEM",1997.59891910066,15.5655091083091,NA,34.7154787302952,491.639631581225,58.0958137314798,13.5809559217298,22.2182647501444,56.7378726593079,"FREE",NA,14.2846882231187,"Train"
"State185","UNSTABLE DEM",NA,15.8924488184125,NA,38.7704807633737,511.656360226672,NA,NA,22.4544538668774,56.0229528128678,"INSURANCE",4943.08285966003,25.9792850963922,"Test"
"State186","STABLE DEM",3183.43920164523,15.9960483653458,NA,41.3593073281659,489.219797498857,57.202983369108,16.6082688858787,27.2459590701173,60.4007170746833,"PRIVATE",14445.5049120544,20.5135285187956,"Train"
"State187","UNSTABLE DEM",2519.37652257789,11.4566422530119,NA,NA,NA,54.1133819214166,NA,23.7438191668684,55.2226312716458,"INSURANCE",5145.81677380205,21.8943131593946,"Train"
"State188","STABLE DEM",NA,15.1462658945307,NA,39.0573528512652,509.107125386418,NA,14.3640333890986,NA,57.7047798547093,"FREE",NA,22.0714382153688,"Train"
"State189","UNSTABLE DEM",NA,NA,NA,NA,516.594349116969,59.2418654247609,13.0099862598562,21.2963593649284,58.5847331034141,"FREE",NA,25.7375268675245,"Test"
"State190","OTHER",2225.13487369246,15.7669627428843,36.2408698758069,39.8483306944316,NA,NA,14.5609330889723,NA,58.6749043608555,"FREE",NA,19.7337399221657,"Train"
"State191","STABLE DEM",810.785314924527,12.6569107686523,30.5966080466899,37.1519806551578,498.278926117292,58.2558468798315,14.073485295227,21.1316073647969,61.9453876284913,"INSURANCE",5159.09096283482,14.9342698711831,"Train"
"State192","OTHER",1706.64413078918,15.3012453602058,35.6569154142394,37.9670348004583,496.167457954372,53.98480427866,11.5386561542557,18.6909725244628,60.6587181980261,"INSURANCE",5080.79354923524,13.1341011811927,"Train"
"State193","STABLE DEM",3715.06853331049,16.3861613656223,NA,38.6544522000789,508.012772851861,NA,NA,NA,58.7025052634074,"PRIVATE",14930.7194765282,23.7142155432508,"Train"
"State194","UNSTABLE DEM",NA,15.8899685544887,NA,-99,505.116606646539,53.7529162326865,13.3782824673882,-99,-99,"PRIVATE",15182.3013852283,24.5202553378627,"Train"
"State195","UNSTABLE DEM",3259.51945486068,12.1701943163706,NA,NA,507.632678182047,57.0280289230269,14.5700838134111,NA,NA,"INSURANCE",5009.35002726796,22.19339258155,"Train"
"State196","STABLE DEM",NA,19.7497080283775,NA,39.5326368052441,NA,55.618099825367,NA,28.3604925884228,58.3032925661867,"INSURANCE",4617.99732687049,28.748715493788,"Train"
"State197","STABLE DEM",1286.03578093159,15.9139440125148,34.5619758326805,36.1977107017181,507.376887866259,52.7378901711171,NA,NA,NA,"FREE",NA,27.9393322103479,"Train"
"State198","STABLE DEM",2600.24573409805,NA,33.0773268552349,NA,500.880807502118,56.6626246719193,NA,26.4038313276462,57.6498323254792,"PRIVATE",15076.8576650437,22.8944275946168,"Train"
"State199","STABLE DEM",1726.68377638572,14.276153855755,NA,41.4816299050017,491.014875711883,50.7060965987711,15.0439379434329,27.1931363629317,57.9815575872304,"INSURANCE",4977.74290436897,23.3492733139178,"Train"
"State200","STABLE DEM",1277.52057758844,15.6654677114896,34.3532777607936,38.955373079161,498.548328002475,55.8548389337018,13.6033516725322,21.8253440066848,62.7949299227611,"INSURANCE",5200.16541874114,16.9223611600216,"Test"
"State201","UNSTABLE DEM",2665.20544030299,NA,31.8067024620725,NA,NA,57.1960497306892,14.7063258949253,22.9506398608525,57.7392615390539,"FREE",NA,22.7299560143002,"Train"
"State202","UNSTABLE DEM",4915.33071649212,15.2550308417673,29.9411533833248,NA,506.819215208055,NA,NA,24.56552393284,63.5408067526099,"PRIVATE",15021.1433443449,21.0229405474141,"Train"
"State203","OTHER",2815.12015837493,12.9097853092366,NA,36.3087931044021,493.710930015975,56.5840577458198,14.7152651048702,21.3309623184517,60.2834808005803,"PRIVATE",14670.379565393,12.2755480534044,"Train"
"State204","--",4472.35240327325,-99,NA,NA,510.830103504518,56.6613501781542,NA,21.7608400605114,NA,"INSURANCE",5157.70833870062,24.7789403286004,"Train"
"State205","OTHER",4612.46990200151,15.1612191672874,NA,38.4929501271422,NA,51.1617631930811,NA,NA,61.0640837566046,"INSURANCE",5023.07532865396,25.9335857465732,"Train"
"State206","OTHER",3458.82175122192,14.9983042914783,34.7335390393259,36.036065792504,498.544461961014,50.568010657076,12.2039538117225,21.3525901872614,63.1057756581191,"INSURANCE",5002.55021004278,14.4988626931188,"Train"
"State207","UNSTABLE DEM",1344.97197460244,13.0900418773613,NA,38.6219609697755,485.406107167576,52.9225807616794,14.5461659310475,19.6757907129863,60.8850740009255,"INSURANCE",5101.69845113078,8.50270023725576,"Train"
"State208","STABLE DEM",4901.68352580987,13.6992311053419,31.7669562789892,43.3686319080972,488.629094950937,51.3799648426149,12.5093709198052,19.4393942650303,58.7315226794059,"INSURANCE",4988.54618638465,15.4759283686181,"Test"
"State209","UNSTABLE DEM",1712.67111490183,17.4513437873463,NA,38.3757128681767,494.811991622556,47.178553893374,8.94122708414435,24.1280406936066,-99,"PRIVATE",14692.4964786944,19.1359020226392,"Test"
"State210","DICTATORSHIP",1028.29910380552,12.4687360469172,NA,30.5845617235426,484.598096799101,61.0526245387916,13.5593558382263,21.8305549067053,57.7057397892734,"INSURANCE",4997.59515357036,8.24059047482503,"Test"
"State211","UNSTABLE DEM",4970.40324469634,13.2633453765139,33.1997370848253,37.5846071333186,488.515568401872,48.8390586746969,14.0594190528391,25.1896496280787,56.1876337441427,"FREE",NA,15.7033232787709,"Train"
"State212","STABLE DEM",1018.33943897771,17.8952849952191,37.2770638084957,38.8064829532702,496.479974670313,58.6317016074326,13.6954762138096,25.4962136019908,57.8539246832396,"INSURANCE",5025.12771091009,21.486175605082,"Train"
"State213","--",NA,-99,NA,40.4972454695529,510.836219677637,59.1585646079335,NA,NA,64.6081483835423,"FREE",NA,23.2098080985883,"Train"
"State214","UNSTABLE DEM",1224.78853111336,14.0425242607917,NA,34.4322313416001,492.410360309151,59.9005028594728,12.9276294262,21.5623500687972,57.9765067260503,"PRIVATE",15093.5550017239,12.622292251927,"Train"
"State215","UNSTABLE DEM",2819.26064654689,17.5359115277186,NA,39.7430093613221,488.955154679803,59.083889536987,15.7980695211139,28.5713623548612,59.8202359359641,"PRIVATE",15190.8153078609,21.6321075402911,"Test"
"State216","STABLE DEM",601.860074874196,14.8302723051973,34.7243174430886,40.3852080569662,498.409865114584,53.6776029689662,13.9405935166169,24.2046174359073,57.6090692097865,"INSURANCE",5041.12656228688,19.8301886428719,"Train"
"State217","DICTATORSHIP",2359.30066294082,14.0305787095318,NA,39.7097025801765,490.050610206824,57.0360461194605,13.7503467888009,22.4012465309883,56.9049019787063,"INSURANCE",5217.49922735023,15.347985278232,"Train"
"State218","UNSTABLE DEM",NA,NA,NA,39.1015526607824,501.937350642583,61.6807744922233,NA,21.0361815715196,62.0742462587472,"INSURANCE",4996.976785207,18.8100255332174,"Train"
"State219","UNSTABLE DEM",950.802580800539,17.1721343521165,NA,40.3667940102232,489.210464207852,63.1061311140791,16.9435533989178,25.4798774919792,61.9970587664041,"INSURANCE",4901.46937112258,18.4485703231457,"Test"
"State220","OTHER",564.390221035412,NA,NA,37.3794096035688,500.564069890939,NA,14.5709905428753,NA,52.4981756414676,"PRIVATE",15201.6487433969,20.0063074095351,"Train"
"State221","STABLE DEM",1816.67948944681,16.3143731709761,NA,44.0502070524761,491.30724690835,56.7653238717764,14.5931967055846,22.959071555555,65.3171789012968,"INSURANCE",5238.94799420149,16.7273202592416,"Train"
"State222","STABLE DEM",NA,13.8769472027998,NA,NA,510.987937531545,53.9219353596401,13.9717750275068,NA,62.3029627475401,"INSURANCE",5043.8742460006,21.6212582370786,"Test"
"State223","UNSTABLE DEM",2447.06758982169,14.0644170506814,32.973400330007,37.6337316070695,NA,NA,NA,21.8898149433003,61.055783436092,"FREE",NA,20.5469353929766,"Test"
"State224","UNSTABLE DEM",1458.20848437771,12.1524534908162,NA,39.3663651267065,486.535745182168,25.7578470011621,16.2246291176531,22.3163292495493,34.3523612139298,"PRIVATE",14928.2940776526,21.4375167316369,"Test"
"State225","STABLE DEM",2659.6025175246,19.6505934368747,NA,39.8064983174148,NA,53.8232486042837,NA,NA,60.4977443437668,"INSURANCE",5301.40331252691,27.2110069809676,"Train"
"State226","OTHER",538.561223754131,NA,NA,38.0053822832988,517.260987696797,NA,19.2965235315806,30.9247811049917,NA,"PRIVATE",14771.7779102121,34.6420958331928,"Train"
"State227","STABLE DEM",3993.46610901027,15.121835989158,NA,38.2754193133361,489.138572722803,57.2970901702008,15.3766373993002,28.3618664521247,60.3979439666519,"INSURANCE",4518.88761392323,20.1062149624516,"Train"
"State228","OTHER",1461.62407418073,11.454667415093,NA,37.0680854702151,490.143791355199,53.4043672912752,17.5610425904606,27.8702239461754,62.6712167930748,"INSURANCE",5197.74375008676,19.6292783718749,"Train"
"State229","UNSTABLE DEM",2698.72086116923,14.393131949043,33.4160987694704,37.5870134062953,495.018709966374,59.0120105067392,14.4506632036749,23.8686741068346,55.6436201979138,"PRIVATE",14970.0520967244,18.5427834579992,"Train"
"State230","STABLE DEM",5705.12091033676,18.0744398348974,NA,39.6980184492322,495.582994024705,57.1119120039043,13.2696720573217,26.703079707642,60.975277228364,"INSURANCE",5127.68091057604,21.5467025273588,"Test"
"State231","STABLE DEM",1418.13328538905,13.1219407413858,NA,NA,507.185164810664,NA,12.3803936502208,NA,64.0455195802164,"INSURANCE",5039.26656107011,20.1036867032552,"Train"
"State232","STABLE DEM",4238.45130545,NA,NA,44.305451193777,NA,66.5777441735125,14.0978431175613,NA,62.1952789716309,"PRIVATE",14645.4260616768,22.9867869019923,"Test"
"State233","UNSTABLE DEM",2860.81672871435,13.7018639784428,33.7624835325613,38.3432002252894,482.862144442663,54.4173156132694,15.3946700320674,25.5993314675143,60.391437639348,"INSURANCE",4744.84768692627,13.1562564473522,"Train"
"State234","STABLE DEM",5249.52310488164,13.1082727003948,NA,41.770493910459,485.197210702062,58.7796218911752,14.0859092554485,19.638281806381,60.6436036879576,"INSURANCE",5024.5855519527,10.9173039129904,"Test"
"State235","OTHER",367.030361538882,15.9123321275697,NA,36.5712254183858,487.388778728484,57.5688585471894,13.7265438698326,19.8074312224174,63.0236112973458,"PRIVATE",15155.5726127986,8.20645594729684,"Train"
"State236","STABLE DEM",NA,18.5009074419653,NA,40.326157687329,NA,53.1832088714556,NA,29.052724618819,58.8977557609711,"INSURANCE",4687.28082466765,27.4183357893915,"Test"
"State237","UNSTABLE DEM",821.003642161415,14.3059376809857,30.2017585438628,39.2959429968941,499.494495046105,57.7370648567702,13.6132587264162,21.5168957188617,59.7436159862142,"INSURANCE",5356.4302088172,16.9067822050754,"Train"
"State238","STABLE DEM",1478.29536549458,14.09688314832,30.0485750160691,37.467292145253,NA,NA,12.8856054519645,22.1631518363635,NA,"INSURANCE",5294.96142425084,22.323893764018,"Train"
"State239","UNSTABLE DEM",2431.56471576699,15.5801649936383,NA,38.6774408502349,NA,55.9815771109827,NA,NA,57.0698961246814,"INSURANCE",4922.67576732736,25.8400991173069,"Train"
"State240","UNSTABLE DEM",3525.51354006393,17.4830015110131,35.2070432427204,40.2166985198529,499.380685962215,61.9963050422207,11.7372426204816,21.1502965575101,55.2871627470894,"PRIVATE",15252.5579362987,19.5366900108661,"Train"
"State241","UNSTABLE DEM",2333.18323469103,16.1759789311937,NA,37.0571706200498,498.521853508281,55.2146295681304,13.111289043353,23.96080738056,58.0984757181571,"INSURANCE",5191.30481563775,20.6859179749441,"Train"
"State242","STABLE DEM",NA,12.7977038497039,33.3299631685019,NA,504.658525542286,57.4402765109139,14.6309987305601,21.5161137855422,NA,"INSURANCE",5067.35833736607,19.6465977857769,"Train"
"State243","STABLE DEM",NA,NA,37.6560321491292,42.90993275471,NA,54.7427454852335,16.6504973701524,29.4751564458994,61.1352471862327,"INSURANCE",4921.70430640097,29.5334587248037,"Train"
"State244","DICTATORSHIP",2199.00089847187,18.6584391986685,32.8155493462756,36.7809344978998,479.920070496557,54.3417211730359,10.6052656897009,21.2967000515056,58.0284782046211,"INSURANCE",4911.1988923649,7.17202055875907,"Train"
"State245","DICTATORSHIP",5414.35132765214,NA,31.252980818629,42.287385630338,516.048352502227,54.1383408401698,NA,NA,63.8808855099243,"FREE",NA,24.5811714788616,"Test"
"State246","--",2673.4690626675,-99,33.2714878617209,NA,NA,53.2179793685406,NA,22.3928150529001,64.4037102850926,"FREE",NA,17.9667110542635,"Train"
"State247","STABLE DEM",NA,NA,NA,39.3310852701617,510.715562884006,NA,11.8813060655465,22.5080598222041,15,"INSURANCE",5175.76966230947,22.3184604521691,"Test"
"State248","STABLE DEM",2599.75102267663,15.6653352819711,29.5106430757153,40.6872088898028,496.49503143003,60.6919595670527,11.4967683066106,19.1739731019044,61.3001943310884,"INSURANCE",5208.25034251801,14.5107873417266,"Test"
"State249","OTHER",5043.86812036498,13.7697939250009,33.7323910959355,34.5291010095206,NA,50.3214351938698,11.7613678969214,NA,NA,"INSURANCE",5039.41842105283,12.9839385513668,"Test"
"State250","OTHER",3297.05861029182,16.808511993736,33.6822473331296,38.0978159083795,491.989584508185,50.2986758168299,11.3650089702908,22.5758668649306,58.4191663595011,"INSURANCE",4912.93294225074,16.5099521762646,"Train"
"State251","STABLE DEM",2845.08271319342,17.9342371978301,34.5933479044576,34.9527974863761,488.085331643319,56.040837558293,13.9435252565051,24.2985670545661,60.0129937300514,"PRIVATE",14535.4441220696,14.7359786509049,"Test"
"State252","OTHER",2163.5221198017,15.1815183488203,NA,NA,506.783014900887,NA,14.7957716195019,NA,38.882569681978,"PRIVATE",14879.3658950327,28.3680880279666,"Train"
"State253","STABLE DEM",NA,10.4494864789755,NA,37.5230044110921,NA,NA,14.4626945523979,23.2176567740849,56.7826697476284,"INSURANCE",5158.61906448655,21.7533437596439,"Test"
"State254","STABLE DEM",1694.18819321789,14.455281809528,33.7889908115817,38.6106152556795,494.693525633693,53.8587532505445,13.3485398470468,23.2786540891758,57.7140634847346,"PRIVATE",14901.9804487353,18.4153757863614,"Train"
"State255","OTHER",1450.56192736705,16.6448977587881,31.8083975738656,34.4000185667176,NA,NA,11.6070279195349,26.093766650556,NA,"INSURANCE",4810.34428883919,33.3764897660571,"Train"
"State256","STABLE DEM",2106.46438548859,NA,NA,NA,503.802916927797,NA,11.662922850733,21.5965831060969,60.0537668079658,"PRIVATE",14698.4786381966,17.4904776373626,"Train"
"State257","STABLE DEM",NA,17.353075578258,NA,43.9650701804326,NA,56.6411517306974,13.6790364333779,NA,65.132329300255,"PRIVATE",14909.1144558934,26.1477741533536,"Train"
"State258","OTHER",2203.15048000785,16.1309826631985,34.4536683224214,36.8767651022238,493.564310836136,52.0614035778587,13.8890127837046,27.3895205208297,55.8787262853579,"INSURANCE",4645.99469288924,22.5713725813695,"Train"
"State259","DICTATORSHIP",1585.92171893868,15.0749510429723,32.3987902294834,36.4624948857373,492.399854558925,54.8868951448156,11.0153431427413,20.5592245354381,58.0599187764717,"INSURANCE",4830.47175511125,10.1035507485426,"Train"
"State260","STABLE DEM",2752.25950104048,NA,NA,NA,515.923626984113,NA,14.6103730912592,21.4272197290646,59.8831464383906,"PRIVATE",14816.9490568237,22.8361072147126,"Test"
"State261","STABLE DEM",745.509775782172,16.173550290322,34.9345437638747,38.8477821043562,481.763661249008,55.9426925497182,14.0032049788897,23.8452138145747,57.445121617031,"FREE",NA,14.393294843526,"Test"
"State262","DICTATORSHIP",1823.23756218091,12.9765966248541,NA,37.9076901630805,491.082168892442,55.4411185288845,15.7683990975483,23.4369724674631,61.1173307829201,"PRIVATE",15440.0907860355,13.9537398487169,"Train"
"State263","STABLE DEM",NA,NA,29.8180132105185,NA,NA,NA,14.447894514095,NA,NA,NA,4666.04263061566,20.0509527761296,"Train"
"State264","UNSTABLE DEM",NA,NA,32.0345073857039,39.4852096247141,507.135452055445,53.5536270950743,12.6885039340914,21.4895426536135,NA,"INSURANCE",4999.33189460259,20.3975318843004,"Train"
"State265","STABLE DEM",3404.72218418005,11.4537649828269,30.8997986515278,38.2852355719773,496.262445977663,57.1044775377184,17.0319190353828,25.5758563288353,55.3654696530846,"FREE",NA,21.4079844182632,"Train"
"State266","STABLE DEM",1297.88182204891,17.7693084846731,NA,40.5931896485733,NA,54.1980020542631,11.922800707351,NA,NA,"PRIVATE",15257.1664296279,18.6043837643595,"Test"
"State267","UNSTABLE DEM",4017.48028070147,16.8752866427386,NA,37.5534419090208,478.236116547416,53.2993209469269,16.0084878933849,24.3902890031954,69.0934446358297,"INSURANCE",4765.02418774224,9.31727278792052,"Train"
"State268","UNSTABLE DEM",NA,11.2055081492279,31.9889513426429,37.567881288408,NA,55.3262287647151,16.3804089369268,21.8293732430223,NA,"PRIVATE",15719.2380982286,19.5333482389839,"Train"
"State269","STABLE DEM",4718.53423187519,NA,NA,39.1301198039778,NA,57.849045597732,NA,22.9320552050952,58.1810462840481,"PRIVATE",15701.1342089188,18.0849018943386,"Train"
"State270","OTHER",1125.56472167509,12.2741746668955,37.7202855438384,42.749294871264,491.472537554259,60.6844416925926,17.3726375626177,20.6976744545336,58.1915289639624,"PRIVATE",14606.9856144652,13.5423251629857,"Test"
"State271","DICTATORSHIP",3441.06178190247,10.5680251944462,34.5751626181503,37.2718166609769,499.361406697045,57.1339399306211,19.551552732765,25.2617173516096,61.4806592951768,"FREE",NA,20.3366411462522,"Train"
"State272","STABLE DEM",928.683934883831,15.397681595407,NA,38.3560899183921,NA,NA,15.1797568318078,NA,61.7100113632269,"FREE",NA,25.4348164886547,"Train"
"State273","STABLE DEM",868.070395613935,19.4941560124541,35.8785425168275,40.1832989145336,NA,54.2551496517364,11.3505273744078,NA,NA,"FREE",NA,23.5560470718273,"Test"
"State274","STABLE DEM",1545.02056387741,17.2221212427344,NA,40.9846136178883,NA,55.041972630052,NA,NA,63.7178681524351,"INSURANCE",5203.83820380953,27.5855729687574,"Train"
"State275","STABLE DEM",5697.64617733677,20.3100698225447,NA,41.7439254808188,493.30283419774,54.0122630589533,13.5167606882428,30.0274226386012,58.385509399051,"PRIVATE",14371.523415216,26.3988845835434,"Train"
"State276","STABLE DEM",1642.2171996663,13.4220581701888,32.6265837500202,38.1331000456287,492.991192954479,56.3340353256441,15.7489036492347,24.2261276020956,60.5290096969578,"INSURANCE",4949.77014636442,16.1357323544368,"Test"
"State277","STABLE DEM",2182.75673637085,15.6985365447244,NA,39.2662463672423,490.618382512856,60.3065074498792,15.3581885335431,25.5583029571015,15,"INSURANCE",4903.11175596294,18.0912979542863,"Train"
"State278","OTHER",2541.73415975055,13.5678660911445,31.3189446146664,36.9014927325281,493.024059444424,52.8095798083206,11.4328916048549,21.747418389701,58.6365462352426,"INSURANCE",5278.19573927264,14.4964871545117,"Train"
"State279","UNSTABLE DEM",571.705764374993,NA,31.0399751233097,NA,507.11087123943,60.0476127636817,NA,18.2696166552051,63.4232317653821,"INSURANCE",4834.39503319176,16.7565281214142,"Test"
"State280","UNSTABLE DEM",1960.47796538725,16.0423668946302,NA,38.3480052377936,491.47763187777,56.4351849504965,14.1904391004354,26.8739793309805,58.1510094681837,"INSURANCE",4527.98185802714,21.9861167529385,"Train"
"State281","DICTATORSHIP",145.496208562378,13.6672192514728,NA,38.5991613978988,488.699700139351,53.810496875031,12.1389965297283,21.6072607484957,65.7207171526538,"INSURANCE",4892.38014731101,10.7725863869483,"Test"
"State282","UNSTABLE DEM",1819.01320338633,13.1178898358156,35.276479599746,37.326952767658,492.782542571806,60.905690368167,16.9159704872488,22.641004054167,60.091525323954,"INSURANCE",4687.03900918583,15.4680776717916,"Train"
"State283","UNSTABLE DEM",1956.42916357217,14.4380994666262,35.2950522766587,NA,504.399758543455,60.77189119473,NA,21.778386283648,NA,"INSURANCE",5087.7735307722,21.6403596522066,"Test"
"State284","OTHER",1292.12842561326,14.0876844573684,NA,39.32831809859,498.191408460513,51.5577940347613,14.5261982624695,24.3543135876338,61.8303015287789,"INSURANCE",4962.38961146498,20.9657218065652,"Test"
"State285","UNSTABLE DEM",3785.16251818569,14.3236466873462,31.5106649843487,39.8039116578357,482.116984470689,54.5748563884141,11.8924823229543,19.5927150860664,-99,"PRIVATE",14214.7967127909,9.6517295394583,"Train"
"State286","STABLE DEM",3277.54063837361,NA,NA,35.688601194904,NA,NA,11.6317272843192,15.8338587310732,58.5543273965584,"PRIVATE",15255.4051468971,16.6393451439932,"Train"
"State287","DICTATORSHIP",4254.59562192801,14.1964401661169,NA,41.8037406281781,493.941663671845,52.3669058193466,12.8500367453196,24.6378786813443,55.2925536701047,"PRIVATE",14522.5152884209,23.1969243055492,"Train"
"State288","UNSTABLE DEM",1403.76406834748,12.7864464763245,NA,37.8811272243384,495.460883327426,53.232271993581,12.8451108375808,23.9349271974523,63.1837522245258,"INSURANCE",5130.60227645478,17.9358883384479,"Train"
"State289","UNSTABLE DEM",NA,12.8543874934929,NA,43.423941975462,505.362265739642,NA,16.5820014610942,NA,59.418528138754,"INSURANCE",5065.72556011527,19.2249904601316,"Train"
"State290","DICTATORSHIP",NA,17.9968081871306,36.3508751490789,42.9878364114369,NA,55.9302838714136,13.4938155772277,NA,60.9164553232598,"INSURANCE",4991.18729261994,23.1647668996694,"Train"
"State291","DICTATORSHIP",NA,17.7037428007686,NA,38.6631706210147,507.172781353975,58.7042391330885,NA,NA,62.9960801635461,"INSURANCE",4648.80129166334,17.2466937214212,"Test"
"State292","UNSTABLE DEM",3653.98033459216,NA,NA,37.7046236997487,506.995430414449,NA,10.9630792339671,NA,65.7551565913076,"FREE",NA,13.7330484339203,"Train"
"State293","OTHER",2288.40083579017,NA,NA,NA,502.221979348015,53.6567482940389,14.7422055323922,NA,60.6032152674096,"INSURANCE",5114.79552163182,15.4671516546436,"Train"
"State294","STABLE DEM",1654.62158611136,NA,NA,35.4835050139052,NA,55.4132680273807,NA,22.4955151047116,62.0966614710862,"PRIVATE",14736.6357241042,23.6944910073968,"Train"
"State295","UNSTABLE DEM",3542.74164825156,NA,37.635550217636,39.9299832424445,NA,51.0279524156318,14.5862719197792,25.9496405170811,NA,"INSURANCE",5221.03468266283,35.6253936403609,"Test"
"State296","UNSTABLE DEM",2394.28350024669,15.4331474349056,NA,34.4757998310875,489.770385776962,54.7711668154181,12.670061223484,22.4476137312254,61.3534932079489,"INSURANCE",5155.04158335816,10.5103630613926,"Train"
"State297","UNSTABLE DEM",2305.23659503832,16.9912185960567,34.766892067066,NA,514.185628224295,56.4904363821656,NA,25.984596015343,NA,"FREE",NA,25.143917922537,"Train"
"State298","DICTATORSHIP",894.315864501018,13.5022117587617,33.8834662105635,43.7567099070073,497.959595125258,59.5921144179964,12.70115014667,17.1137146106616,65.3392590484802,"FREE",NA,13.8793505696791,"Train"
"State299","STABLE DEM",4677.72375390676,12.8627134204223,NA,40.095743885374,499.894850881764,54.2813612971767,16.3536251768301,25.7832351227694,56.3565162022844,"INSURANCE",5016.4154960928,24.607136297353,"Train"
"State300","OTHER",2463.50069068957,NA,NA,NA,501.618594178245,55.0359360773419,NA,23.6987190479551,56.1380130471614,"FREE",NA,18.9007651719148,"Train"
"State301","DICTATORSHIP",1206.73169951683,15.757574845517,NA,-99,NA,NA,NA,-99,-99,"INSURANCE",5301.83822160707,20.1273062572076,"Train"
"State302","UNSTABLE DEM",2092.43649274812,16.647554349531,33.6595653952261,43.3711423699519,498.717074021394,53.8219179899774,13.9933261991854,21.664135422541,61.7154619601509,"FREE",NA,17.7234122967495,"Test"
"State303","UNSTABLE DEM",4089.96703178492,17.6234049428104,NA,39.8473406456024,487.164390673471,52.0646808182605,11.6904049669015,23.1355853282841,-99,"PRIVATE",14798.2620379733,10.6430420154028,"Train"
"State304","OTHER",4889.21677785121,NA,NA,NA,502.488786873915,60.3851816053885,15.2850996288352,NA,59.1724975933843,"FREE",NA,16.1540654063691,"Test"
"State305","UNSTABLE DEM",3615.42967557,14.4170389379701,33.6077348675218,39.84726922774,491.888973548563,55.1427408901167,13.3761327952081,21.892069176552,56.0698809781126,"FREE",NA,15.7560904281525,"Train"
"State306","DICTATORSHIP",4393.13191610035,14.2407972892027,NA,39.5664033399082,493.272200305215,56.898652609968,11.6474279441486,18.4040461775836,56.3588529718724,"INSURANCE",5069.32064535703,12.3807134541707,"Test"
"State307","OTHER",3550.10458816585,18.9583729348752,36.9216157813847,40.4198937042634,490.782127049446,54.1923461189942,12.5873014032497,24.1805341849012,58.8760023921542,"INSURANCE",5131.27170908382,19.6942694713984,"Train"
"State308","UNSTABLE DEM",4177.25481692973,16.5268039953302,NA,42.8400066843358,492.661553116711,56.8355447526367,13.4507927581137,21.5000112278306,61.8887568206807,"INSURANCE",4404.34200856142,15.9918285859352,"Train"
"State309","UNSTABLE DEM",2394.83087420315,18.4397370178077,34.6579703228886,41.8722311679682,498.453240228628,54.4623797177633,14.1383484042166,26.2512333662696,64.4540438689455,"INSURANCE",5043.48043590131,22.6509507225948,"Train"
"State310","DICTATORSHIP",2661.37674880466,NA,NA,44.5934786762577,518.400585391354,NA,13.9867696239548,17.8800516965653,NA,"INSURANCE",5043.55937233041,23.8512941164089,"Train"
"State311","UNSTABLE DEM",2049.05587875844,NA,35.1798223550748,38.7226955446943,500.2710894982,NA,13.772982205097,NA,65.890849278305,"INSURANCE",4992.29260332174,15.4133058093366,"Train"
"State312","STABLE DEM",1673.45439442583,15.2750117046199,35.592888917927,41.5145548940086,498.869544378996,61.3274033339857,15.2760344970569,18.1429662335809,67.4493897197249,"FREE",NA,12.6750246808021,"Test"
"State313","STABLE DEM",835.689714400854,NA,37.5457367384666,37.2608851459554,NA,47.8526137730206,14.2238388089289,26.8442771100292,NA,"INSURANCE",5307.67884081141,22.878264765711,"Train"
"State314","STABLE DEM",2262.91709010351,NA,31.1923139226687,NA,508.195014253558,NA,12.9725085546014,21.9664464921219,59.987121289341,"INSURANCE",5060.38615394468,20.4649722515958,"Test"
"State315","UNSTABLE DEM",3609.42542266465,NA,30.338074066771,36.5783383357292,502.190168257151,53.7190399807554,14.7543804635587,NA,NA,"PRIVATE",14598.9852672356,15.2056250182736,"Test"
"State316","DICTATORSHIP",NA,12.1045579499706,NA,NA,NA,23.3869799010607,15.4488482097884,21.8269416177279,37.7102777402976,"INSURANCE",4542.91544437918,29.1228017671576,"Train"
"State317","STABLE DEM",3133.27830680294,12.9083694292149,32.9174028819216,42.6458208530612,494.441473321152,67.2954438083329,18.6808189279682,22.8059348827707,53.949828345539,"INSURANCE",4738.94689603928,21.7393097297183,"Test"
"State318","STABLE DEM",1616.14466031466,16.9677887661757,38.8682207815854,43.5501260510608,497.635524836784,55.2744628680993,13.3893464949528,22.4361541588537,64.9606385038923,"FREE",NA,17.6084897347698,"Test"
"State319","UNSTABLE DEM",2548.04787468002,18.3249189227111,36.3406864829151,NA,500.530402913142,54.0484108382055,12.3793790720403,NA,NA,"FREE",NA,23.6037277563281,"Train"
"State320","STABLE DEM",4529.09911153434,15.4383341014474,31.4704462014915,42.3754225653664,497.688196906231,58.4027305186526,13.6960179370103,23.7449958775894,57.1605558355239,"INSURANCE",5147.36313231231,22.0897675287811,"Train"
"State321","STABLE DEM",NA,NA,33.1022579208373,36.4354077877899,NA,57.9563794016207,13.8262973653641,20.8276526624046,58.0438283052104,"INSURANCE",4972.26539261318,18.6298882302618,"Train"
"State322","OTHER",5696.72468293645,16.6524361120328,NA,41.3320213591509,500.477665972922,NA,13.4052665319885,NA,NA,"PRIVATE",15525.1179137988,18.3897255680666,"Train"
"State323","UNSTABLE DEM",2057.32231777354,NA,NA,37.433608672664,NA,53.5726856289529,13.1211287022743,24.9988745703561,NA,"INSURANCE",4725.9873953016,21.5645147908425,"Train"
"State324","UNSTABLE DEM",397.425106197571,14.5169940788686,32.1884879599379,41.3189606617567,481.348311520201,63.977652528732,15.6558698069731,21.88403459008,-99,"INSURANCE",4935.05178871785,11.0751754328923,"Train"
"State325","UNSTABLE DEM",4673.76361910299,15.0396903657741,NA,38.8094660471631,493.062001709983,55.7189326752312,12.3365860504355,22.6361971919179,55.404049075435,"INSURANCE",4928.72992651424,18.3378841346936,"Test"
"State326","STABLE DEM",2329.98018666133,13.592912878315,NA,34.9687163121727,480.588470044997,52.4417535701738,11.7007568275177,20.7152373289724,55.2862742599078,"INSURANCE",5061.91332008008,8.47141460996486,"Train"
"State327","UNSTABLE DEM",2883.60356593886,13.5019857496226,NA,39.7697915502143,498.901936862233,58.5000562986982,14.9918884569847,22.2236759867774,-99,"INSURANCE",4617.36566014061,18.013327774755,"Train"
"State328","STABLE DEM",NA,14.627509049745,34.771462957269,41.8335127834906,NA,48.9468961623603,13.9078609937729,25.6284625801765,NA,"PRIVATE",15677.6698449971,23.056764087651,"Test"
"State329","STABLE DEM",3253.99822937552,NA,32.4245478261325,41.525354068326,503.53564531095,62.3795911387934,NA,24.2931278287726,NA,"INSURANCE",5113.74793388934,23.0659449180365,"Test"
"State330","OTHER",3195.28008121091,10.7687542567806,NA,38.9326252316518,NA,NA,14.4525330526378,21.5664927293123,NA,"INSURANCE",4879.27894481861,30.4622000265052,"Train"
"State331","UNSTABLE DEM",822.547953088134,14.8882462377478,35.3654846217644,39.5680132898514,489.758755182236,60.0910159312851,14.2285930386788,21.550476514134,57.8466706012521,"INSURANCE",5169.0822646401,17.0252007672793,"Test"
"State332","UNSTABLE DEM",3897.42318588315,NA,NA,-99,501.276184246071,61.4326252560308,NA,-99,-99,"INSURANCE",4808.90087788109,20.3738263306092,"Train"
"State333","STABLE DEM",4131.56776895081,12.4822270838563,32.8582957409001,35.3030968616265,489.401589512729,56.7714391225282,15.8353565927944,27.2494819113778,55.0126017432588,"INSURANCE",5029.05576289023,18.8773101375029,"Train"
"State334","UNSTABLE DEM",NA,NA,NA,38.4259449416332,512.837867658833,50.7884141531026,11.1036051010995,NA,59.1473409918751,"PRIVATE",14570.4436607209,25.8807235469937,"Train"
"State335","STABLE DEM",3832.30704725832,NA,NA,36.9761274718811,507.819360345673,NA,12.9963890964105,23.5363762959372,NA,"PRIVATE",14761.3129361347,21.3094876174468,"Train"
"State336","STABLE DEM",1625.05907235083,16.254033562712,NA,39.6226137386845,494.714811452916,18.2584332724802,12.1177739208545,20.7082260460905,38.779153877561,"FREE",NA,23.2217250289927,"Test"
"State337","UNSTABLE DEM",832.544720717098,14.4623033032818,33.5624422660491,40.946428304505,504.860400296435,NA,NA,NA,-99,"INSURANCE",5174.94025933402,21.3021906261401,"Train"
"State338","STABLE DEM",NA,15.3093560057244,34.7806163688078,38.7240494773241,510.387059620415,NA,NA,24.1067942320679,56.3591796251116,"INSURANCE",4851.8063059008,26.2050152677225,"Train"
"State339","STABLE DEM",2046.66381091893,16.0896742574352,NA,39.7423285721267,496.36522297223,49.1968601698804,14.0553866047606,26.2857070454375,62.7615675872903,"INSURANCE",4920.03593484959,20.6997469885645,"Train"
"State340","OTHER",6337.17324989903,11.837423973319,NA,39.8962771637759,484.218718747155,60.320624005067,17.98827935893,23.0283219544875,62.82350673798,"INSURANCE",5003.69689305463,12.8032901289013,"Train"
"State341","UNSTABLE DEM",1515.56492565546,15.6720315380196,33.6867529020072,37.1226345353384,486.095984539857,56.6854090010577,13.8712951136612,24.4762587345036,59.2057621520962,"FREE",NA,13.6642319815045,"Train"
"State342","UNSTABLE DEM",4348.14763619904,16.717031332832,NA,40.9723082296761,489.936554949815,57.3897482232132,17.7265437113517,27.3321387119966,-99,"PRIVATE",14741.8731399608,17.4755871776858,"Train"
"State343","--",1667.44102857732,-99,NA,NA,500.792317978465,NA,NA,20.1088982213025,62.9915341142991,"INSURANCE",5085.31426054574,17.7021457402937,"Test"
"State344","STABLE DEM",2286.94541569441,14.4828553302499,30.5293943200615,37.4572531289183,494.137102692648,51.6374315633109,11.8307963912381,24.0294961979875,65.1528363121433,"INSURANCE",5311.55666501389,16.043481830011,"Test"
"State345","UNSTABLE DEM",3977.70327205017,NA,36.715489333547,41.1383442879068,503.703277348311,60.1894695057525,NA,25.0602022061812,NA,"INSURANCE",5338.54579264664,26.0456019113266,"Train"
"State346","STABLE DEM",1410.76207554234,18.1768266385285,NA,39.1063021698069,497.664077839067,57.0760477085763,15.5711062898647,22.8736974082802,60.3864149114629,"PRIVATE",15010.0664374926,17.8303642296018,"Train"
"State347","DICTATORSHIP",4658.99471254061,20.9315264566548,NA,42.4012705913848,497.052839745865,61.7296278981564,13.4044525745539,22.2896912487349,60.6014966395517,"INSURANCE",5252.15227918456,18.409086206121,"Test"
"State348","UNSTABLE DEM",1232.56286609521,14.7624147949106,NA,40.2638446828609,489.825960553241,55.9835700185108,12.1298893295547,16.1477331393347,59.2485535211662,"INSURANCE",5121.34050337269,7.77739069783173,"Test"
"State349","UNSTABLE DEM",3656.60129764109,10.1297049331472,30.6109811197382,37.8062665521351,NA,NA,16.8334900436463,21.4744858060108,NA,"INSURANCE",4832.53631842321,25.8742325724555,"Test"
"State350","DICTATORSHIP",4033.23489829943,12.1685718880235,29.8896996553636,35.7192364612021,490.351413622355,54.9667152405889,13.504066993514,22.2662016883791,58.8466245531747,"INSURANCE",5071.75307468186,11.6152276829755,"Train"
"State351","STABLE DEM",NA,17.3106066068724,NA,44.0228431998593,NA,57.539699305489,14.6990231783989,NA,63.4710222933891,"INSURANCE",5132.16404464207,28.5127902826137,"Train"
"State352","UNSTABLE DEM",2261.80703625162,17.2214390748738,NA,38.2644523593717,485.871688961999,51.6492852879817,11.2920946906049,25.5600970836371,56.3641398240882,"INSURANCE",4746.09455708901,16.3338060506829,"Test"
"State353","UNSTABLE DEM",1417.26537933429,15.9945603285946,NA,40.1201546189354,498.807311104543,57.5311769774417,12.3766183280082,21.3263375209982,-99,"PRIVATE",14843.5166409888,18.6416026796843,"Train"
"State354","UNSTABLE DEM",890.215440293986,14.5056069551999,34.6734533174368,36.9090955732701,491.462463087756,52.7025190363226,13.7975728140383,27.6990922106272,-99,"FREE",NA,22.0770738447738,"Train"
"State355","STABLE DEM",5607.65543515443,16.4478240588078,36.8122350719688,41.467802374255,493.726746205369,58.4292725839201,14.1907432450693,21.248987139966,59.7741708668352,"INSURANCE",5137.27178560433,17.8909568828489,"Train"
"State356","STABLE DEM",4028.66072545685,NA,NA,39.2273706619149,516.36549972745,55.7921007244633,16.0577675578128,NA,NA,"INSURANCE",4692.32906989476,29.3167493810831,"Train"
"State357","STABLE DEM",NA,15.4533360801308,NA,NA,501.95871291109,58.9461833455502,10.9819879657111,17.454744961276,NA,"PRIVATE",14335.4353528039,14.1884799219538,"Train"
"State358","STABLE DEM",NA,16.8574817182366,NA,-99,NA,54.8915189447264,12.1313789547252,-99,-99,"PRIVATE",14488.0492715604,22.4392470226036,"Train"
"State359","STABLE DEM",3665.19469826009,11.724483926153,32.2491023160562,32.4386480724956,489.347531325426,59.0435124684203,14.372636874057,21.8776066768915,53.2181834490285,"PRIVATE",14819.8825103455,11.7473308915822,"Train"
"State360","--",NA,-99,NA,NA,506.486562936587,56.8452067897162,NA,NA,-99,"INSURANCE",5031.82506755511,21.3353488340749,"Test"
"State361","STABLE DEM",NA,15.8493690043289,NA,40.6802752537101,510.60580387633,NA,13.2414432114901,21.7663599335839,NA,"PRIVATE",15016.3480125261,21.9004819268981,"Train"
"State362","STABLE DEM",NA,16.3340894913642,33.4998129883097,39.7995277473521,503.229575469546,61.934213542863,NA,19.1292412293071,NA,"INSURANCE",4926.15238753828,18.8786092082116,"Train"
"State363","STABLE DEM",3451.37424359184,14.1036728222749,NA,38.2191826776938,495.437460316476,58.4680777491439,15.694383070425,23.5936870145716,62.6786255757785,"INSURANCE",5145.53490633368,17.4820301552599,"Train"
"State364","UNSTABLE DEM",1257.99759043403,17.8381368036133,NA,37.3575078364417,497.847208927153,53.235613762513,11.7132450722243,21.0644232207143,58.5332321771622,"INSURANCE",5089.4949003376,16.3324734594514,"Train"
"State365","--",NA,-99,NA,35.1672294239866,501.797108837372,56.3764185124124,NA,19.3837193177944,NA,"INSURANCE",4998.47592679711,13.5858838458647,"Train"
"State366","UNSTABLE DEM",4963.04353024688,16.293180225301,NA,NA,502.966614265474,NA,14.3260291195781,26.7480578371203,NA,"FREE",NA,23.2740505204414,"Train"
"State367","UNSTABLE DEM",2386.36770409772,15.7758063474771,32.8293211851413,40.6462886965023,491.061006719766,60.9192394918303,14.9748880724344,22.8589271277524,58.5589603571972,"INSURANCE",4716.422972012,17.9719402496062,"Train"
"State368","STABLE DEM",7694.78753312055,NA,33.1880210983131,40.24632960363,500.341019323521,64.4138752118114,NA,NA,56.9375665598987,"INSURANCE",5020.8138509163,20.1621440567686,"Train"
"State369","STABLE DEM",3496.05029217901,15.6329473300467,NA,39.7422063965184,499.145245679736,56.8229591577437,11.5407113838133,21.6866199089674,60.2838790273549,"FREE",NA,17.3641831591939,"Train"
"State370","UNSTABLE DEM",6249.07436483897,15.1561417248757,NA,35.870993444621,489.435170677919,61.2010432909255,14.232690869963,24.4571696630525,54.7568827768291,"FREE",NA,16.5368093864437,"Train"
"State371","STABLE DEM",1107.26948400261,15.0279995913949,33.1656147596801,39.3502944167482,497.108593647246,57.0478317321047,12.5613915022416,22.0901742965883,53.5437805751693,"INSURANCE",5056.37286227734,20.0250091033732,"Train"
"State372","STABLE DEM",3169.78605283229,14.2243154468125,NA,NA,NA,56.5283208798194,14.7852855838172,NA,62.7715744239426,"FREE",NA,21.0843452241937,"Train"
"State373","STABLE DEM",2318.35310972043,12.2437722592771,32.2422669001742,35.646116861872,NA,56.0748949696482,14.7370424085104,NA,NA,"PRIVATE",14792.1390165191,21.8122483947462,"Test"
"State374","STABLE DEM",347.52452244042,17.5688734935305,NA,38.9448317610907,480.132126338445,54.8979894441632,13.6670122669681,25.5449015320931,60.1394464595997,"PRIVATE",14873.5207564195,13.2858600982626,"Train"
"State375","UNSTABLE DEM",1915.00836481172,13.0668961430495,32.3236645652242,44.0550851768711,480.579586252981,58.1139403912007,13.1363758127475,19.6281521382358,58.2847041781491,"INSURANCE",5313.67129420552,9.6851609021236,"Test"
"State376","UNSTABLE DEM",5466.46276448695,15.3146746861287,NA,42.428993416723,498.800487412783,18.1339005600234,13.1471708586969,20.9124266884839,-99,"FREE",NA,26.3220263859699,"Test"
"State377","STABLE DEM",2876.82697059833,16.3684523792408,33.5100065202478,NA,503.085050110486,NA,13.2074653077109,22.9252201564588,NA,"PRIVATE",15388.0173101442,20.8317374712043,"Train"
"State378","UNSTABLE DEM",1210.66394352368,16.0802144311074,36.4910205571216,37.1822402830761,480.392030967116,63.5347103303656,16.0170204832104,25.0950171077044,55.5961124504634,"INSURANCE",4836.89723693751,14.0003701627868,"Train"
"State379","UNSTABLE DEM",6078.78281115687,14.9451402209455,30.8470220424991,38.8492251120321,NA,NA,11.2562385799872,20.0033767303026,NA,"PRIVATE",15211.0656487215,18.9150343634461,"Test"
"State380","UNSTABLE DEM",4495.62725260397,14.4656576114425,31.0513592034441,44.3523983062255,487.304438499229,61.8927417085031,15.1877132241019,22.0966218558923,64.6161471161518,"FREE",NA,15.2385876983965,"Train"
"State381","UNSTABLE DEM",2008.09055693815,15.8835288996261,NA,42.5394112136076,478.909765816942,61.391764014796,14.0130853638195,22.8069329688707,64.4584630520752,"FREE",NA,11.4023534312108,"Test"
"State382","STABLE DEM",NA,NA,35.2981526765209,38.602692165302,504.389187084604,20.4452068377657,NA,22.90533315751,31.6274221786934,"PRIVATE",14576.8488675749,29.062761123872,"Train"
"State383","UNSTABLE DEM",4616.27795293884,18.3272309541782,36.9730496362659,41.8197481274983,491.22286386512,54.3074616853027,13.1227538121109,22.3290778368202,64.3096896318821,"INSURANCE",4791.78081533583,14.6255606172939,"Test"
"State384","STABLE DEM",4340.30510924463,12.3938216710185,33.4487466394458,34.9666164875723,494.480219473671,56.096807200375,13.0471882364513,19.1779623319285,56.7630494413219,"INSURANCE",4650.64318478886,12.4404381201002,"Train"
"State385","STABLE DEM",1314.363889591,16.9646974201036,NA,40.6694579737267,498.650209459253,56.1581462701821,13.3847396080369,22.5497949646172,65.4516905368164,"PRIVATE",14729.5713155884,15.8837605438863,"Train"
"State386","UNSTABLE DEM",2156.05131701787,NA,NA,40.6125297725623,501.832153117709,NA,12.1700714127386,NA,-99,"INSURANCE",4621.14609630483,15.7143360085878,"Train"
"State387","UNSTABLE DEM",3348.29841472643,15.0901753643396,NA,38.8944894541314,498.977540188737,55.9271583937801,13.6682382272044,21.5884965508589,62.0623347823521,"FREE",NA,19.1842943575087,"Train"
"State388","UNSTABLE DEM",2595.11154412688,15.852269609575,NA,37.553893608983,497.059336638082,56.7728286220951,15.4991228266426,25.4768896994482,61.6540220848195,"INSURANCE",5211.72389073424,19.7775612970884,"Train"
"State389","STABLE DEM",NA,18.9941678134597,NA,42.9733450061659,500.610826085873,NA,13.9105708811241,NA,59.6569576206097,"FREE",NA,24.5320395314367,"Train"
"State390","UNSTABLE DEM",NA,13.7844746018251,29.7966794785066,NA,503.883427700027,55.9892973417791,15.3145555018379,NA,62.5321829419683,"FREE",NA,20.6464689843987,"Train"
"State391","UNSTABLE DEM",3813.8096165717,11.2800063450321,NA,38.844918393902,490.004858846599,51.3469399178455,12.8478619886705,21.544727795071,59.612850025349,"INSURANCE",5035.17411969571,13.8129347683319,"Train"
"State392","STABLE DEM",3245.68687878695,14.5310933296594,NA,36.2475384502619,494.712538837415,47.4713394450869,13.5464789792308,23.874131673794,64.3578520766897,"INSURANCE",4987.65187723159,17.7881845084547,"Train"
"State393","UNSTABLE DEM",NA,11.9305493971423,33.6452188999296,-99,502.28354548483,NA,14.3860317218319,-99,-99,"INSURANCE",5147.17603963509,19.2792254257619,"Test"
"State394","STABLE DEM",2910.25165709743,16.148706653513,34.3667967510851,39.6571787263004,499.179018090958,55.5691145424252,13.4489395348723,23.2336445303767,58.5010751943649,"INSURANCE",5070.1517164867,19.6386610953346,"Test"
"State395","UNSTABLE DEM",2475.29503756104,14.8441927030973,34.9461325217109,41.7364492970327,492.168347563655,60.2221242040008,13.5757926035786,18.7825945153115,60.3875980479657,"INSURANCE",4742.21647779131,11.5353672203029,"Train"
"State396","DICTATORSHIP",NA,NA,NA,NA,NA,NA,15.1286337919015,NA,NA,NA,NA,26.4135937913597,"Test"
"State397","UNSTABLE DEM",847.18364343102,13.613598459638,32.7900431376192,36.0082788614321,496.35395864726,50.9937891235851,15.7483795366571,27.6673819327253,60.4800863880003,"INSURANCE",4728.79912840576,21.9427688924461,"Train"
"State398","UNSTABLE DEM",1067.36197871912,14.0238403475055,32.5151615300039,37.5820531529909,495.981746879045,46.2641163685935,11.1290759164559,21.1436333496946,63.7486081303623,"FREE",NA,13.5188272011799,"Test"
"State399","UNSTABLE DEM",1135.52829712436,16.138398433698,NA,35.783966757349,NA,NA,NA,26.9668291244923,58.8367158017443,"INSURANCE",5271.34954628494,24.4857450765104,"Train"
"State400","STABLE DEM",3001.36973027062,14.6447616126687,37.0785596870169,NA,507.659076741783,56.6303963017667,15.3661420169231,NA,NA,"FREE",NA,20.173148033279,"Train"
"State401","STABLE DEM",1802.47532837159,18.7139579833934,NA,42.9030534659489,NA,64.7588768610942,NA,NA,63.5859585858424,"PRIVATE",15289.3110666795,18.2415393839465,"Train"
"State402","UNSTABLE DEM",NA,12.4187019608412,NA,NA,515.527955475434,58.2376505688352,NA,26.6851573723663,57.6171536398438,"INSURANCE",5026.76230976568,32.7815091964374,"Train"
"State403","STABLE DEM",1982.04320185894,14.0381242860143,33.2542574381709,40.2745324430208,494.694943695052,22.4796396016214,14.0827053507938,22.7638522008515,35.2368023864204,"INSURANCE",4931.96754581171,25.4474484583241,"Test"
"State404","UNSTABLE DEM",3996.22954407106,14.5818657948712,36.1059761608031,43.8957326319495,496.940441423102,53.2886844220134,15.5815183760695,25.9192298216536,64.7028750980126,"FREE",NA,21.5794764557296,"Train"
"State405","STABLE DEM",2281.90664356807,15.8274974300242,36.2234323428243,38.2333697185129,489.219564517127,61.2291214539075,13.2598427671899,20.3579663192501,63.0722668083029,"INSURANCE",4765.64816300513,9.95824915103235,"Train"
"State406","UNSTABLE DEM",452.75712921015,NA,NA,36.8087855625961,505.253323902025,NA,13.1665076162596,21.4720513469222,NA,"PRIVATE",15481.6031023798,19.125843679769,"Train"
"State407","STABLE DEM",2980.11354477732,NA,NA,NA,NA,53.1108858203154,13.5669651060126,22.3921055055491,60.3118434862898,"INSURANCE",4978.98950802511,23.4141730563745,"Train"
"State408","STABLE DEM",NA,15.5198502983424,36.4887408596734,NA,502.974964399696,57.2471355888478,15.4032281580244,24.1113683791191,NA,"INSURANCE",4873.85886086095,22.2034174071148,"Test"
"State409","STABLE DEM",2834.05509780353,13.0603824435643,NA,37.5051827469394,498.605880257441,52.3635704481773,14.7947563446036,26.2243527703787,59.9484779067067,"PRIVATE",15230.3045477421,20.603840877012,"Train"
"State410","DICTATORSHIP",4718.72977698358,NA,NA,33.8187831358387,NA,55.3212013013717,14.5381329492454,20.0954418405653,NA,"PRIVATE",14848.4827203195,16.1423403717289,"Test"
"State411","STABLE DEM",NA,NA,39.881731468606,-99,503.559667278837,55.8514035933497,NA,-99,-99,"INSURANCE",5175.58343524832,23.1343592583338,"Test"
"State412","STABLE DEM",NA,NA,35.7491813919329,38.4965929809797,NA,50.6128676398868,15.1488275699908,24.9459202680827,57.9130069565627,"INSURANCE",5302.25751575658,24.5121356248043,"Train"
"State413","STABLE DEM",2244.23505405902,15.1560712492262,31.7738144449049,34.5542791760426,493.748518624558,16.4285483298769,13.0147654207526,24.5695595212741,34.7734632151488,"INSURANCE",5007.06392943851,24.3632199999154,"Test"
